{
  "tray_mappings": {
    "0->1": [
      [
        0.9999597716088587,
        2.7071569037733683e-05
      ],
      [
        -1.903843284317881e-06,
        1.0076100759202324
      ],
      [
        -2.816927170348738,
        -4.366484991092995
      ]
    ],
    "0->2": [
      [
        0.9999588097942275,
        1.4596752518304737e-05
      ],
      [
        1.5208198836542796e-05,
        1.007612159661462
      ],
      [
        43.9158474319863,
        -3.3197184978823264
      ]
    ],
    "1->0": [
      [
        0.9999474577500941,
        -1.2906007428592453e-05
      ],
      [
        1.5955920526047124e-05,
        0.9923727722189033
      ],
      [
        2.8890021287943366,
        4.374750339805424
      ]
    ],
    "1->2": [
      [
        0.999957886873524,
        -6.6584889337129055e-06
      ],
      [
        -2.498013352984018e-06,
        0.9999440553804175
      ],
      [
        46.799044181143174,
        1.1073329964447998
      ]
    ],
    "2->0": [
      [
        0.9999708881298763,
        2.343633071169761e-05
      ],
      [
        2.3118146859532677e-05,
        0.9924020414506796
      ],
      [
        -43.87974882163945,
        3.2911431865586747
      ]
    ],
    "2->1": [
      [
        0.999991977719368,
        2.1071029607393233e-05
      ],
      [
        1.6910646452140684e-05,
        0.9999666070125435
      ],
      [
        -46.76470265683183,
        -1.0567874989369026
      ]
    ]
  },
  "size_offset_models": {
    "0": {
      "ax": 0.0718179762330974,
      "bx": 0.08946574742737577,
      "cx": -0.27684052450975655,
      "ay": -0.09547975364293879,
      "by": -0.2569956001678006,
      "cy": 0.6368863544961352
    },
    "1": {
      "ax": 0.16418813062499438,
      "bx": 0.16374180303929475,
      "cx": -0.7395466141437146,
      "ay": -0.2258393904993731,
      "by": -0.1311153628411098,
      "cy": 0.8216381444021413
    },
    "2": {
      "ax": 0.014387991527792835,
      "bx": 0.11354916771120366,
      "cx": -0.05560242688861649,
      "ay": 0.07313378778702934,
      "by": -0.23925769250188886,
      "cy": 0.34313033625807815
    }
  },
  "generated_at": 1768320138.3277729
}